ENERG_LO,ENERG_HI,SPECRESP
0.3000000, 0.3100000, 4.874343
0.3100000, 0.3200000, 14.82926
0.3200000, 0.3300000, 21.30229
0.3300000, 0.3400000, 28.51495
0.3400000, 0.3500000, 35.39883
0.3500000, 0.3600000, 41.54232
0.3600000, 0.3700000, 46.88145
0.3700000, 0.3800000, 53.06949
0.3800000, 0.3900000, 61.05444
0.3900000, 0.4000000, 69.30855
0.4000000, 0.4100000, 72.90137
0.4100000, 0.4200000, 79.87247
0.4200000, 0.4300000, 94.29903
0.4300000, 0.4400000, 106.0706
0.4400000, 0.4500000, 116.0293
0.4500000, 0.4600000, 127.8437
0.4600000, 0.4700000, 138.8801
0.4700000, 0.4800000, 150.0978
0.4800000, 0.4900000, 160.8329
0.4900000, 0.5000000, 171.5432
0.5000000, 0.5100000, 183.7123
0.5100000, 0.5200000, 196.1964
0.5200000, 0.5300000, 208.9698
0.5300000, 0.5400000, 171.4215
0.5400000, 0.5500000, 137.7340
0.5500000, 0.5600000, 161.4068
0.5600000, 0.5700000, 173.2176
0.5700000, 0.5800000, 192.7590
0.5800000, 0.5900000, 204.1549
0.5900000, 0.6000000, 214.9084
0.6000000, 0.6100000, 226.1857
0.6100000, 0.6200000, 236.2147
0.6200000, 0.6300000, 247.0838
0.6300000, 0.6400000, 258.5528
0.6400000, 0.6500000, 268.7657
0.6500000, 0.6600000, 279.4300
0.6600000, 0.6700000, 289.7876
0.6700000, 0.6800000, 300.6782
0.6800000, 0.6900000, 310.4438
0.6900000, 0.7000000, 253.8346
0.7000000, 0.7100000, 293.0952
0.7100000, 0.7200000, 306.0932
0.7200000, 0.7300000, 312.0426
0.7300000, 0.7400000, 322.7659
0.7400000, 0.7500000, 334.2620
0.7500000, 0.7600000, 345.7097
0.7600000, 0.7700000, 356.8057
0.7700000, 0.7800000, 367.5352
0.7800000, 0.7900000, 378.3373
0.7900000, 0.8000000, 388.6603
0.8000000, 0.8100000, 398.3632
0.8100000, 0.8200000, 407.5447
0.8200000, 0.8300000, 416.2292
0.8300000, 0.8400000, 424.5197
0.8400000, 0.8500000, 432.9290
0.8500000, 0.8600000, 440.3956
0.8600000, 0.8700000, 448.1352
0.8700000, 0.8800000, 455.3904
0.8800000, 0.8900000, 462.3498
0.8900000, 0.9000000, 468.9738
0.9000000, 0.9100000, 475.1421
0.9100000, 0.9200000, 480.6033
0.9200000, 0.9300000, 485.9647
0.9300000, 0.9400000, 491.1890
0.9400000, 0.9500000, 496.7201
0.9500000, 0.9600000, 502.1527
0.9600000, 0.9700000, 507.5832
0.9700000, 0.9800000, 513.0563
0.9800000, 0.9900000, 517.9399
0.9900000, 1.0, 522.6050
1.0, 1.010000, 527.2045
1.010000, 1.020000, 532.1409
1.020000, 1.030000, 537.1164
1.030000, 1.040000, 542.1820
1.040000, 1.050000, 547.0861
1.050000, 1.060000, 551.7854
1.060000, 1.070000, 556.1451
1.070000, 1.080000, 560.1052
1.080000, 1.090000, 563.9225
1.090000, 1.100000, 567.6266
1.100000, 1.110000, 571.6616
1.110000, 1.120000, 576.0004
1.120000, 1.130000, 580.1714
1.130000, 1.140000, 584.0022
1.140000, 1.150000, 587.8013
1.150000, 1.160000, 591.6940
1.160000, 1.170000, 595.1791
1.170000, 1.180000, 598.2278
1.180000, 1.190000, 601.2171
1.190000, 1.200000, 604.2618
1.200000, 1.210000, 607.2027
1.210000, 1.220000, 610.0424
1.220000, 1.230000, 612.9407
1.230000, 1.240000, 615.8650
1.240000, 1.250000, 618.7266
1.250000, 1.260000, 621.2061
1.260000, 1.270000, 623.6597
1.270000, 1.280000, 626.1587
1.280000, 1.290000, 628.5332
1.290000, 1.300000, 630.8076
1.300000, 1.310000, 632.5857
1.310000, 1.320000, 634.6429
1.320000, 1.330000, 636.8454
1.330000, 1.340000, 639.0624
1.340000, 1.350000, 641.2289
1.350000, 1.360000, 643.3621
1.360000, 1.370000, 645.5895
1.370000, 1.380000, 647.9391
1.380000, 1.390000, 650.0815
1.390000, 1.400000, 651.9780
1.400000, 1.410000, 653.6278
1.410000, 1.420000, 655.2343
1.420000, 1.430000, 656.8010
1.430000, 1.440000, 658.4128
1.440000, 1.450000, 659.9204
1.450000, 1.460000, 661.3051
1.460000, 1.470000, 662.6441
1.470000, 1.480000, 663.9455
1.480000, 1.490000, 665.3024
1.490000, 1.500000, 666.7132
1.500000, 1.510000, 667.8953
1.510000, 1.520000, 668.8191
1.520000, 1.530000, 670.0825
1.530000, 1.540000, 670.9475
1.540000, 1.550000, 672.1996
1.550000, 1.560000, 621.2475
1.560000, 1.570000, 562.6740
1.570000, 1.580000, 586.1133
1.580000, 1.590000, 599.2726
1.590000, 1.600000, 589.0936
1.600000, 1.610000, 593.7365
1.610000, 1.620000, 605.2255
1.620000, 1.630000, 601.9359
1.630000, 1.640000, 597.9885
1.640000, 1.650000, 600.7802
1.650000, 1.660000, 605.8731
1.660000, 1.670000, 608.3446
1.670000, 1.680000, 606.1815
1.680000, 1.690000, 605.2510
1.690000, 1.700000, 605.6105
1.700000, 1.710000, 607.2237
1.710000, 1.720000, 608.7419
1.720000, 1.730000, 609.2892
1.730000, 1.740000, 609.1394
1.740000, 1.750000, 608.6678
1.750000, 1.760000, 608.2353
1.760000, 1.770000, 609.4308
1.770000, 1.780000, 610.1130
1.780000, 1.790000, 610.9043
1.790000, 1.800000, 608.2599
1.800000, 1.810000, 606.1400
1.810000, 1.820000, 607.8388
1.820000, 1.830000, 603.8621
1.830000, 1.840000, 615.7025
1.840000, 1.850000, 601.3148
1.850000, 1.860000, 598.3405
1.860000, 1.870000, 600.0519
1.870000, 1.880000, 605.4395
1.880000, 1.890000, 608.0845
1.890000, 1.900000, 609.6236
1.900000, 1.910000, 610.7749
1.910000, 1.920000, 611.8636
1.920000, 1.930000, 612.9247
1.930000, 1.940000, 613.9611
1.940000, 1.950000, 614.5626
1.950000, 1.960000, 615.0671
1.960000, 1.970000, 614.2662
1.970000, 1.980000, 612.8874
1.980000, 1.990000, 610.3598
1.990000, 2.0, 606.4956
2.0, 2.010000, 600.9745
2.010000, 2.020000, 593.6163
2.020000, 2.030000, 584.2422
2.030000, 2.040000, 574.8760
2.040000, 2.050000, 556.0223
2.050000, 2.060000, 506.1811
2.060000, 2.070000, 448.9615
2.070000, 2.080000, 373.1582
2.080000, 2.090000, 343.6687
2.090000, 2.100000, 352.3013
2.100000, 2.110000, 356.2896
2.110000, 2.120000, 355.7609
2.120000, 2.130000, 340.3635
2.130000, 2.140000, 326.3962
2.140000, 2.150000, 315.1341
2.150000, 2.160000, 297.6422
2.160000, 2.170000, 304.0565
2.170000, 2.180000, 316.2159
2.180000, 2.190000, 317.4332
2.190000, 2.200000, 324.9800
2.200000, 2.210000, 330.6914
2.210000, 2.220000, 340.6989
2.220000, 2.230000, 346.0855
2.230000, 2.240000, 350.5702
2.240000, 2.250000, 352.4359
2.250000, 2.260000, 350.1648
2.260000, 2.270000, 353.3753
2.270000, 2.280000, 361.6607
2.280000, 2.290000, 367.6436
2.290000, 2.300000, 371.5120
2.300000, 2.310000, 371.9744
2.310000, 2.320000, 372.8828
2.320000, 2.330000, 371.1766
2.330000, 2.340000, 374.9475
2.340000, 2.350000, 379.9763
2.350000, 2.360000, 382.9757
2.360000, 2.370000, 387.3544
2.370000, 2.380000, 389.1618
2.380000, 2.390000, 388.6519
2.390000, 2.400000, 387.5881
2.400000, 2.410000, 388.5547
2.410000, 2.420000, 391.6821
2.420000, 2.430000, 394.0021
2.430000, 2.440000, 395.2317
2.440000, 2.450000, 396.2213
2.450000, 2.460000, 397.1639
2.460000, 2.470000, 396.6643
2.470000, 2.480000, 395.0365
2.480000, 2.490000, 393.6865
2.490000, 2.500000, 392.3551
2.500000, 2.510000, 391.5037
2.510000, 2.520000, 390.7799
2.520000, 2.530000, 388.1872
2.530000, 2.540000, 381.1514
2.540000, 2.550000, 357.2281
2.550000, 2.560000, 354.4886
2.560000, 2.570000, 369.0703
2.570000, 2.580000, 373.9236
2.580000, 2.590000, 376.4983
2.590000, 2.600000, 380.4721
2.600000, 2.610000, 381.6529
2.610000, 2.620000, 385.2249
2.620000, 2.630000, 387.6914
2.630000, 2.640000, 390.0440
2.640000, 2.650000, 390.8175
2.650000, 2.660000, 391.3342
2.660000, 2.670000, 392.2371
2.670000, 2.680000, 393.1525
2.680000, 2.690000, 394.5889
2.690000, 2.700000, 396.4089
2.700000, 2.710000, 396.9285
2.710000, 2.720000, 397.5380
2.720000, 2.730000, 398.6623
2.730000, 2.740000, 399.8392
2.740000, 2.750000, 400.7541
2.750000, 2.760000, 401.8992
2.760000, 2.770000, 403.1629
2.770000, 2.780000, 403.9364
2.780000, 2.790000, 404.2933
2.790000, 2.800000, 404.3622
2.800000, 2.810000, 404.3147
2.810000, 2.820000, 404.4481
2.820000, 2.830000, 404.9390
2.830000, 2.840000, 405.8460
2.840000, 2.850000, 406.7667
2.850000, 2.860000, 407.3813
2.860000, 2.870000, 407.4402
2.870000, 2.880000, 406.6824
2.880000, 2.890000, 405.0479
2.890000, 2.900000, 401.9485
2.900000, 2.910000, 394.7418
2.910000, 2.920000, 396.0839
2.920000, 2.930000, 399.7371
2.930000, 2.940000, 401.4314
2.940000, 2.950000, 402.5521
2.950000, 2.960000, 403.4329
2.960000, 2.970000, 403.8823
2.970000, 2.980000, 404.7239
2.980000, 2.990000, 405.9449
2.990000, 3.0, 407.1387
3.0, 3.010000, 407.8945
3.010000, 3.020000, 408.6049
3.020000, 3.030000, 409.3812
3.030000, 3.040000, 409.8532
3.040000, 3.050000, 410.2964
3.050000, 3.060000, 410.8039
3.060000, 3.070000, 411.1183
3.070000, 3.080000, 411.3220
3.080000, 3.090000, 411.5599
3.090000, 3.100000, 411.9138
3.100000, 3.110000, 412.3225
3.110000, 3.120000, 412.7808
3.120000, 3.130000, 413.0927
3.130000, 3.140000, 413.0010
3.140000, 3.150000, 412.5950
3.150000, 3.160000, 411.6373
3.160000, 3.170000, 409.7127
3.170000, 3.180000, 406.6531
3.180000, 3.190000, 404.2698
3.190000, 3.200000, 406.2932
3.200000, 3.210000, 407.7866
3.210000, 3.220000, 408.6494
3.220000, 3.230000, 410.5483
3.230000, 3.240000, 411.4446
3.240000, 3.250000, 411.8214
3.250000, 3.260000, 412.5706
3.260000, 3.270000, 413.3526
3.270000, 3.280000, 414.0936
3.280000, 3.290000, 414.6225
3.290000, 3.300000, 415.1515
3.300000, 3.310000, 415.4583
3.310000, 3.320000, 415.5415
3.320000, 3.330000, 415.6241
3.330000, 3.340000, 416.2448
3.340000, 3.350000, 416.8657
3.350000, 3.360000, 417.5220
3.360000, 3.370000, 418.2138
3.370000, 3.380000, 418.9060
3.380000, 3.390000, 419.0497
3.390000, 3.400000, 419.1936
3.400000, 3.410000, 419.5031
3.410000, 3.420000, 419.9786
3.420000, 3.430000, 420.4540
3.430000, 3.440000, 420.4157
3.440000, 3.450000, 420.3773
3.450000, 3.460000, 420.4822
3.460000, 3.470000, 420.7291
3.470000, 3.480000, 420.9757
3.480000, 3.490000, 421.2532
3.490000, 3.500000, 421.5309
3.500000, 3.510000, 421.7994
3.510000, 3.520000, 422.0587
3.520000, 3.530000, 422.3182
3.530000, 3.540000, 422.4283
3.540000, 3.550000, 422.5385
3.550000, 3.560000, 422.6730
3.560000, 3.570000, 422.8318
3.570000, 3.580000, 422.9909
3.580000, 3.590000, 423.0149
3.590000, 3.600000, 423.0392
3.600000, 3.610000, 423.1379
3.610000, 3.620000, 423.3112
3.620000, 3.630000, 423.4847
3.630000, 3.640000, 423.5077
3.640000, 3.650000, 423.5198
3.650000, 3.660000, 423.5132
3.660000, 3.670000, 423.4868
3.670000, 3.680000, 423.4605
3.680000, 3.690000, 423.5601
3.690000, 3.700000, 423.6442
3.700000, 3.710000, 423.6437
3.710000, 3.720000, 423.6278
3.720000, 3.730000, 423.6113
3.730000, 3.740000, 423.4310
3.740000, 3.750000, 423.2507
3.750000, 3.760000, 423.1031
3.760000, 3.770000, 422.9889
3.770000, 3.780000, 422.8745
3.780000, 3.790000, 422.7863
3.790000, 3.800000, 422.6982
3.800000, 3.810000, 422.5501
3.810000, 3.820000, 422.3422
3.820000, 3.830000, 422.1342
3.830000, 3.840000, 422.1346
3.840000, 3.850000, 422.1353
3.850000, 3.860000, 422.0187
3.860000, 3.870000, 421.7844
3.870000, 3.880000, 421.5504
3.880000, 3.890000, 421.3951
3.890000, 3.900000, 421.2396
3.900000, 3.910000, 421.0555
3.910000, 3.920000, 420.8427
3.920000, 3.930000, 420.6298
3.930000, 3.940000, 420.6717
3.940000, 3.950000, 420.7136
3.950000, 3.960000, 420.7579
3.960000, 3.970000, 420.8047
3.970000, 3.980000, 420.8516
3.980000, 3.990000, 420.8539
3.990000, 4.0, 420.8563
4.0, 4.010000, 420.9188
4.010000, 4.020000, 421.0415
4.020000, 4.030000, 421.1644
4.030000, 4.040000, 420.7272
4.040000, 4.050000, 420.2250
4.050000, 4.060000, 419.8042
4.060000, 4.070000, 419.4648
4.070000, 4.080000, 419.1256
4.080000, 4.090000, 418.7136
4.090000, 4.100000, 418.3015
4.100000, 4.110000, 417.9099
4.110000, 4.120000, 417.5399
4.120000, 4.130000, 417.1702
4.130000, 4.140000, 416.6909
4.140000, 4.150000, 416.2120
4.150000, 4.160000, 415.7574
4.160000, 4.170000, 415.3273
4.170000, 4.180000, 414.8973
4.180000, 4.190000, 414.4498
4.190000, 4.200000, 414.0027
4.200000, 4.210000, 413.5342
4.210000, 4.220000, 413.0443
4.220000, 4.230000, 412.5547
4.230000, 4.240000, 412.0550
4.240000, 4.250000, 411.5556
4.250000, 4.260000, 411.0597
4.260000, 4.270000, 410.5678
4.270000, 4.280000, 410.0762
4.280000, 4.290000, 409.4875
4.290000, 4.300000, 408.8992
4.300000, 4.310000, 408.3406
4.310000, 4.320000, 407.8118
4.320000, 4.330000, 407.2831
4.330000, 4.340000, 406.7527
4.340000, 4.350000, 406.2060
4.350000, 4.360000, 405.5374
4.360000, 4.370000, 404.7471
4.370000, 4.380000, 403.9572
4.380000, 4.390000, 403.3839
4.390000, 4.400000, 402.8110
4.400000, 4.410000, 402.1399
4.410000, 4.420000, 401.3708
4.420000, 4.430000, 400.6024
4.430000, 4.440000, 399.9634
4.440000, 4.450000, 399.3248
4.450000, 4.460000, 398.5962
4.460000, 4.470000, 397.7778
4.470000, 4.480000, 396.9601
4.480000, 4.490000, 396.2819
4.490000, 4.500000, 395.6043
4.500000, 4.510000, 394.8864
4.510000, 4.520000, 394.1279
4.520000, 4.530000, 393.3703
4.530000, 4.540000, 392.6284
4.540000, 4.550000, 391.8870
4.550000, 4.560000, 391.0412
4.560000, 4.570000, 390.0909
4.570000, 4.580000, 389.1414
4.580000, 4.590000, 388.2761
4.590000, 4.600000, 387.4120
4.600000, 4.610000, 386.4630
4.610000, 4.620000, 385.4381
4.620000, 4.630000, 384.4142
4.630000, 4.640000, 383.5469
4.640000, 4.650000, 382.6808
4.650000, 4.660000, 381.6971
4.660000, 4.670000, 380.5952
4.670000, 4.680000, 379.4948
4.680000, 4.690000, 378.6279
4.690000, 4.700000, 377.7614
4.700000, 4.710000, 376.8158
4.710000, 4.720000, 375.7915
4.720000, 4.730000, 374.7684
4.730000, 4.740000, 373.8029
4.740000, 4.750000, 372.8390
4.750000, 4.760000, 371.8353
4.760000, 4.770000, 370.7921
4.770000, 4.780000, 369.7503
4.780000, 4.790000, 368.7555
4.790000, 4.800000, 367.7618
4.800000, 4.810000, 366.6895
4.810000, 4.820000, 365.5382
4.820000, 4.830000, 364.3887
4.830000, 4.840000, 363.4570
4.840000, 4.850000, 362.5266
4.850000, 4.860000, 361.4785
4.860000, 4.870000, 360.3130
4.870000, 4.880000, 359.1494
4.880000, 4.890000, 358.0657
4.890000, 4.900000, 356.9546
4.900000, 4.910000, 355.7640
4.910000, 4.920000, 354.4946
4.920000, 4.930000, 353.2264
4.930000, 4.940000, 352.0195
4.940000, 4.950000, 350.8143
4.950000, 4.960000, 349.6080
4.960000, 4.970000, 348.4006
4.970000, 4.980000, 347.1954
4.980000, 4.990000, 345.9271
4.990000, 5.0, 344.6589
5.0, 5.010000, 343.3712
5.010000, 5.020000, 342.0637
5.020000, 5.030000, 340.7582
5.030000, 5.040000, 339.4781
5.040000, 5.050000, 338.1999
5.050000, 5.060000, 336.9052
5.060000, 5.070000, 335.5946
5.070000, 5.080000, 334.2860
5.080000, 5.090000, 332.9315
5.090000, 5.100000, 331.5799
5.100000, 5.110000, 330.2602
5.110000, 5.120000, 328.9727
5.120000, 5.130000, 327.6874
5.130000, 5.140000, 326.3781
5.140000, 5.150000, 325.0713
5.150000, 5.160000, 323.7137
5.160000, 5.170000, 322.3058
5.170000, 5.180000, 320.9005
5.180000, 5.190000, 319.5412
5.190000, 5.200000, 318.1319
5.200000, 5.210000, 316.7243
5.210000, 5.220000, 315.3184
5.220000, 5.230000, 313.9154
5.230000, 5.240000, 312.4223
5.240000, 5.250000, 310.9320
5.250000, 5.260000, 309.4671
5.260000, 5.270000, 308.0275
5.270000, 5.280000, 306.5909
5.280000, 5.290000, 305.1096
5.290000, 5.300000, 303.6316
5.300000, 5.310000, 302.1592
5.310000, 5.320000, 300.6925
5.320000, 5.330000, 299.2289
5.330000, 5.340000, 297.7368
5.340000, 5.350000, 296.2478
5.350000, 5.360000, 294.7606
5.360000, 5.370000, 293.2753
5.370000, 5.380000, 291.7929
5.380000, 5.390000, 290.2085
5.390000, 5.400000, 288.6277
5.400000, 5.410000, 287.1012
5.410000, 5.420000, 285.6292
5.420000, 5.430000, 284.1599
5.430000, 5.440000, 282.7286
5.440000, 5.450000, 281.3000
5.450000, 5.460000, 279.8371
5.460000, 5.470000, 278.3279
5.470000, 5.480000, 276.7905
5.480000, 5.490000, 275.3957
5.490000, 5.500000, 274.0042
5.500000, 5.510000, 272.5317
5.510000, 5.520000, 270.9786
5.520000, 5.530000, 269.4294
5.530000, 5.540000, 268.1018
5.540000, 5.550000, 266.7772
5.550000, 5.560000, 265.3829
5.560000, 5.570000, 263.9189
5.570000, 5.580000, 262.4585
5.580000, 5.590000, 261.0559
5.590000, 5.600000, 259.6569
5.600000, 5.610000, 258.2659
5.610000, 5.620000, 256.8833
5.620000, 5.630000, 255.5039
5.630000, 5.640000, 254.1515
5.640000, 5.650000, 252.8022
5.650000, 5.660000, 251.4846
5.660000, 5.670000, 250.1987
5.670000, 5.680000, 248.9159
5.680000, 5.690000, 247.6277
5.690000, 5.700000, 246.3426
5.700000, 5.710000, 245.1066
5.710000, 5.720000, 243.9192
5.720000, 5.730000, 242.7347
5.730000, 5.740000, 241.4967
5.740000, 5.750000, 240.2365
5.750000, 5.760000, 239.0125
5.760000, 5.770000, 237.8248
5.770000, 5.780000, 236.6399
5.780000, 5.790000, 235.3495
5.790000, 5.800000, 234.0623
5.800000, 5.810000, 232.8394
5.810000, 5.820000, 231.6804
5.820000, 5.830000, 230.5242
5.830000, 5.840000, 229.3219
5.840000, 5.850000, 228.1227
5.850000, 5.860000, 226.9472
5.860000, 5.870000, 225.7957
5.870000, 5.880000, 224.6470
5.880000, 5.890000, 223.4920
5.890000, 5.900000, 222.3400
5.900000, 5.910000, 221.3192
5.910000, 5.920000, 220.4288
5.920000, 5.930000, 219.5404
5.930000, 5.940000, 218.2817
5.940000, 5.950000, 217.0265
5.950000, 5.960000, 215.8338
5.960000, 5.970000, 214.7030
5.970000, 5.980000, 213.5752
5.980000, 5.990000, 212.4319
5.990000, 6.0, 211.2842
6.0, 6.010000, 210.1863
6.010000, 6.020000, 209.1378
6.020000, 6.030000, 208.0921
6.030000, 6.040000, 207.0466
6.040000, 6.050000, 206.0038
6.050000, 6.060000, 204.9430
6.060000, 6.070000, 203.8641
6.070000, 6.080000, 202.7881
6.080000, 6.090000, 201.7512
6.090000, 6.100000, 200.7169
6.100000, 6.110000, 199.6822
6.110000, 6.120000, 198.6473
6.120000, 6.130000, 197.6150
6.130000, 6.140000, 196.5046
6.140000, 6.150000, 195.3972
6.150000, 6.160000, 194.3558
6.160000, 6.170000, 193.3800
6.170000, 6.180000, 192.4067
6.180000, 6.190000, 191.2935
6.190000, 6.200000, 190.1835
6.200000, 6.210000, 189.1436
6.210000, 6.220000, 188.1732
6.220000, 6.230000, 187.2055
6.230000, 6.240000, 186.1049
6.240000, 6.250000, 185.0078
6.250000, 6.260000, 183.9271
6.260000, 6.270000, 182.8629
6.270000, 6.280000, 181.8015
6.280000, 6.290000, 180.7835
6.290000, 6.300000, 179.7682
6.300000, 6.310000, 178.7527
6.310000, 6.320000, 177.7371
6.320000, 6.330000, 176.7243
6.330000, 6.340000, 175.6834
6.340000, 6.350000, 174.6454
6.350000, 6.360000, 173.5642
6.360000, 6.370000, 172.4402
6.370000, 6.380000, 171.3196
6.380000, 6.390000, 170.2518
6.390000, 6.400000, 169.1872
6.400000, 6.410000, 168.1701
6.410000, 6.420000, 167.2002
6.420000, 6.430000, 166.2330
6.430000, 6.440000, 165.1210
6.440000, 6.450000, 164.0124
6.450000, 6.460000, 162.9131
6.460000, 6.470000, 161.8227
6.470000, 6.480000, 160.7359
6.480000, 6.490000, 159.6026
6.490000, 6.500000, 158.4731
6.500000, 6.510000, 157.3883
6.510000, 6.520000, 156.3490
6.520000, 6.530000, 155.3159
6.530000, 6.540000, 154.1591
6.540000, 6.550000, 153.0061
6.550000, 6.560000, 151.8990
6.560000, 6.570000, 150.8383
6.570000, 6.580000, 149.7845
6.580000, 6.590000, 148.6770
6.590000, 6.600000, 147.5732
6.600000, 6.610000, 146.4889
6.610000, 6.620000, 145.4241
6.620000, 6.630000, 144.3627
6.630000, 6.640000, 143.2640
6.640000, 6.650000, 142.1633
6.650000, 6.660000, 141.0939
6.660000, 6.670000, 140.0556
6.670000, 6.680000, 139.0207
6.680000, 6.690000, 137.8923
6.690000, 6.700000, 136.7693
6.700000, 6.710000, 135.6900
6.710000, 6.720000, 134.6473
6.720000, 6.730000, 133.6080
6.730000, 6.740000, 132.5267
6.740000, 6.750000, 131.4514
6.750000, 6.760000, 130.4137
6.760000, 6.770000, 129.4087
6.770000, 6.780000, 128.4069
6.780000, 6.790000, 127.3139
6.790000, 6.800000, 126.2248
6.800000, 6.810000, 125.1606
6.810000, 6.820000, 124.1302
6.820000, 6.830000, 123.1080
6.830000, 6.840000, 122.1268
6.840000, 6.850000, 121.1487
6.850000, 6.860000, 120.1600
6.860000, 6.870000, 119.1465
6.870000, 6.880000, 118.1141
6.880000, 6.890000, 117.0592
6.890000, 6.900000, 116.0220
6.900000, 6.910000, 115.0239
6.910000, 6.920000, 114.0575
6.920000, 6.930000, 113.0915
6.930000, 6.940000, 112.1174
6.940000, 6.950000, 111.1466
6.950000, 6.960000, 110.1900
6.960000, 6.970000, 109.2415
6.970000, 6.980000, 108.2965
6.980000, 6.990000, 107.3696
6.990000, 7.0, 106.4681
7.0, 7.010000, 105.5324
7.010000, 7.020000, 104.5593
7.020000, 7.030000, 103.5895
7.030000, 7.040000, 102.6831
7.040000, 7.050000, 101.7798
7.050000, 7.060000, 100.8904
7.060000, 7.070000, 100.0146
7.070000, 7.080000, 99.14191
7.080000, 7.090000, 98.25423
7.090000, 7.100000, 97.36972
7.100000, 7.110000, 96.49434
7.110000, 7.120000, 95.62825
7.120000, 7.130000, 94.76522
7.130000, 7.140000, 93.90019
7.140000, 7.150000, 93.03844
7.150000, 7.160000, 92.22681
7.160000, 7.170000, 91.46507
7.170000, 7.180000, 90.70601
7.180000, 7.190000, 89.83014
7.190000, 7.200000, 88.95749
7.200000, 7.210000, 88.17001
7.210000, 7.220000, 87.46698
7.220000, 7.230000, 86.76648
7.230000, 7.240000, 85.98085
7.240000, 7.250000, 85.19826
7.250000, 7.260000, 84.43953
7.260000, 7.270000, 83.70470
7.270000, 7.280000, 82.97251
7.280000, 7.290000, 82.18269
7.290000, 7.300000, 81.39593
7.300000, 7.310000, 80.63524
7.310000, 7.320000, 79.90035
7.320000, 7.330000, 79.16837
7.330000, 7.340000, 78.43034
7.340000, 7.350000, 77.69521
7.350000, 7.360000, 76.95379
7.360000, 7.370000, 76.20618
7.370000, 7.380000, 75.46152
7.380000, 7.390000, 74.77134
7.390000, 7.400000, 74.08385
7.400000, 7.410000, 73.36722
7.410000, 7.420000, 72.62167
7.420000, 7.430000, 71.87908
7.430000, 7.440000, 71.22904
7.440000, 7.450000, 70.58151
7.450000, 7.460000, 69.92595
7.460000, 7.470000, 69.25378
7.470000, 7.480000, 68.58413
7.480000, 7.490000, 67.90415
7.490000, 7.500000, 67.22684
7.500000, 7.510000, 66.57602
7.510000, 7.520000, 65.95153
7.520000, 7.530000, 65.32935
7.530000, 7.540000, 64.67407
7.540000, 7.550000, 64.02126
7.550000, 7.560000, 63.42982
7.560000, 7.570000, 62.89931
7.570000, 7.580000, 62.37066
7.580000, 7.590000, 61.63684
7.590000, 7.600000, 60.90595
7.600000, 7.610000, 60.24594
7.610000, 7.620000, 59.65628
7.620000, 7.630000, 59.06887
7.630000, 7.640000, 58.47047
7.640000, 7.650000, 57.87441
7.650000, 7.660000, 57.30429
7.660000, 7.670000, 56.75997
7.670000, 7.680000, 56.21770
7.680000, 7.690000, 55.64758
7.690000, 7.700000, 55.07961
7.700000, 7.710000, 54.51828
7.710000, 7.720000, 53.96339
7.720000, 7.730000, 53.41062
7.730000, 7.740000, 52.88986
7.740000, 7.750000, 52.37107
7.750000, 7.760000, 51.84652
7.760000, 7.770000, 51.31624
7.770000, 7.780000, 50.78799
7.780000, 7.790000, 50.24315
7.790000, 7.800000, 49.70042
7.800000, 7.810000, 49.19361
7.810000, 7.820000, 48.72236
7.820000, 7.830000, 48.25283
7.830000, 7.840000, 47.77689
7.840000, 7.850000, 47.30957
7.850000, 7.860000, 46.83662
7.860000, 7.870000, 46.35814
7.870000, 7.880000, 45.88128
7.880000, 7.890000, 45.46207
7.890000, 7.900000, 45.04432
7.900000, 7.910000, 44.62193
7.910000, 7.920000, 44.19492
7.920000, 7.930000, 43.76935
7.930000, 7.940000, 43.35687
7.940000, 7.950000, 42.94575
7.950000, 7.960000, 42.54553
7.960000, 7.970000, 42.15615
7.970000, 7.980000, 41.76803
7.980000, 7.990000, 41.35974
7.990000, 8.0, 40.95282
8.0, 8.010000, 40.57387
8.010000, 8.020000, 40.22274
8.020000, 8.030000, 39.87274
8.030000, 8.040000, 39.52312
8.040000, 8.050000, 39.17463
8.050000, 8.060000, 38.84677
8.060000, 8.070000, 38.53941
8.070000, 8.080000, 38.23299
8.080000, 8.090000, 37.90081
8.090000, 8.100000, 37.56972
8.100000, 8.110000, 37.25515
8.110000, 8.120000, 36.95695
8.120000, 8.130000, 36.65978
8.130000, 8.140000, 36.38116
8.140000, 8.150000, 36.10349
8.150000, 8.160000, 35.83578
8.160000, 8.170000, 35.57792
8.170000, 8.180000, 35.32088
8.180000, 8.190000, 35.06646
8.190000, 8.200000, 34.81927
8.200000, 8.210000, 34.57408
8.210000, 8.220000, 34.32956
8.220000, 8.230000, 34.08581
8.230000, 8.240000, 33.86412
8.240000, 8.250000, 33.64309
8.250000, 8.260000, 33.42145
8.260000, 8.270000, 33.19934
8.270000, 8.280000, 32.97795
8.280000, 8.290000, 32.77747
8.290000, 8.300000, 32.57759
8.300000, 8.310000, 32.38216
8.310000, 8.320000, 32.19120
8.320000, 8.330000, 32.00077
8.330000, 8.340000, 31.78924
8.340000, 8.350000, 31.57837
8.350000, 8.360000, 31.37864
8.360000, 8.370000, 31.18990
8.370000, 8.380000, 31.00177
8.380000, 8.390000, 30.80851
8.390000, 8.400000, 30.61587
8.400000, 8.410000, 30.42629
8.410000, 8.420000, 30.23979
8.420000, 8.430000, 30.05386
8.430000, 8.440000, 29.87946
8.440000, 8.450000, 29.70563
8.450000, 8.460000, 29.53038
8.460000, 8.470000, 29.35373
8.470000, 8.480000, 29.17763
8.480000, 8.490000, 29.01101
8.490000, 8.500000, 28.84489
8.500000, 8.510000, 28.67958
8.510000, 8.520000, 28.51511
8.520000, 8.530000, 28.35116
8.530000, 8.540000, 28.19708
8.540000, 8.550000, 28.04492
8.550000, 8.560000, 27.89309
8.560000, 8.570000, 27.74158
8.570000, 8.580000, 27.59047
8.580000, 8.590000, 27.44325
8.590000, 8.600000, 27.29645
8.600000, 8.610000, 27.14653
8.610000, 8.620000, 26.99351
8.620000, 8.630000, 26.84093
8.630000, 8.640000, 26.71295
8.640000, 8.650000, 26.58531
8.650000, 8.660000, 26.45345
8.660000, 8.670000, 26.31740
8.670000, 8.680000, 26.18173
8.680000, 8.690000, 26.04319
8.690000, 8.700000, 25.90505
8.700000, 8.710000, 25.76883
8.710000, 8.720000, 25.63451
8.720000, 8.730000, 25.50057
8.730000, 8.740000, 25.37455
8.740000, 8.750000, 25.24886
8.750000, 8.760000, 25.12057
8.760000, 8.770000, 24.98973
8.770000, 8.780000, 24.85928
8.780000, 8.790000, 24.72983
8.790000, 8.800000, 24.60075
8.800000, 8.810000, 24.47371
8.810000, 8.820000, 24.34870
8.820000, 8.830000, 24.22401
8.830000, 8.840000, 24.09416
8.840000, 8.850000, 23.96466
8.850000, 8.860000, 23.83811
8.860000, 8.870000, 23.71443
8.870000, 8.880000, 23.59640
8.880000, 8.890000, 23.48084
8.890000, 8.900000, 23.36560
8.900000, 8.910000, 23.23900
8.910000, 8.920000, 23.10114
8.920000, 8.930000, 22.96372
8.930000, 8.940000, 22.85305
8.940000, 8.950000, 22.74268
8.950000, 8.960000, 22.62527
8.960000, 8.970000, 22.50086
8.970000, 8.980000, 22.37683
8.980000, 8.990000, 22.23174
8.990000, 9.0, 22.08713
9.0, 9.010000, 21.94783
9.010000, 9.020000, 21.81380
9.020000, 9.030000, 21.68020
9.030000, 9.040000, 21.56842
9.040000, 9.050000, 21.45693
9.050000, 9.060000, 21.34906
9.060000, 9.070000, 21.24480
9.070000, 9.080000, 21.14079
9.080000, 9.090000, 21.00803
9.090000, 9.100000, 20.87571
9.100000, 9.110000, 20.74695
9.110000, 9.120000, 20.62174
9.120000, 9.130000, 20.49691
9.130000, 9.140000, 20.39250
9.140000, 9.150000, 20.28839
9.150000, 9.160000, 20.17527
9.160000, 9.170000, 20.05322
9.170000, 9.180000, 19.93153
9.180000, 9.190000, 19.81430
9.190000, 9.200000, 19.69941
9.200000, 9.210000, 19.59084
9.210000, 9.220000, 19.48589
9.220000, 9.230000, 19.38127
9.230000, 9.240000, 19.25171
9.240000, 9.250000, 19.12260
9.250000, 9.260000, 19.00969
9.260000, 9.270000, 18.91281
9.270000, 9.280000, 18.81623
9.280000, 9.290000, 18.69226
9.290000, 9.300000, 18.56872
9.300000, 9.310000, 18.44848
9.310000, 9.320000, 18.33157
9.320000, 9.330000, 18.21506
9.330000, 9.340000, 18.09879
9.340000, 9.350000, 17.98291
9.350000, 9.360000, 17.86544
9.360000, 9.370000, 17.74637
9.370000, 9.380000, 17.62774
9.380000, 9.390000, 17.51213
9.390000, 9.400000, 17.39697
9.400000, 9.410000, 17.27693
9.410000, 9.420000, 17.15209
9.420000, 9.430000, 17.02775
9.430000, 9.440000, 16.90534
9.440000, 9.450000, 16.78345
9.450000, 9.460000, 16.65935
9.460000, 9.470000, 16.53310
9.470000, 9.480000, 16.40737
9.480000, 9.490000, 16.28780
9.490000, 9.500000, 16.16871
9.500000, 9.510000, 16.04566
9.510000, 9.520000, 15.91869
9.520000, 9.530000, 15.79462
9.530000, 9.540000, 15.66459
9.540000, 9.550000, 15.53512
9.550000, 9.560000, 15.40902
9.560000, 9.570000, 15.28626
9.570000, 9.580000, 15.16403
9.580000, 9.590000, 15.03056
9.590000, 9.600000, 14.89770
9.600000, 9.610000, 14.76459
9.610000, 9.620000, 14.63124
9.620000, 9.630000, 14.49851
9.630000, 9.640000, 14.37304
9.640000, 9.650000, 14.24813
9.650000, 9.660000, 14.11506
9.660000, 9.670000, 13.97390
9.670000, 9.680000, 13.83342
9.680000, 9.690000, 13.69645
9.690000, 9.700000, 13.56017
9.700000, 9.710000, 13.41570
9.710000, 9.720000, 13.26315
9.720000, 9.730000, 13.11137
9.730000, 9.740000, 12.96682
9.740000, 9.750000, 12.82298
9.750000, 9.760000, 12.67288
9.760000, 9.770000, 12.51661
9.770000, 9.780000, 12.36115
9.780000, 9.790000, 12.20737
9.790000, 9.800000, 12.05437
9.800000, 9.810000, 11.89892
9.810000, 9.820000, 11.74101
9.820000, 9.830000, 11.58388
9.830000, 9.840000, 11.42616
9.840000, 9.850000, 11.26926
9.850000, 9.860000, 11.11206
9.860000, 9.870000, 10.95584
9.870000, 9.880000, 10.80039
9.880000, 9.890000, 10.64327
9.890000, 9.900000, 10.48694
9.900000, 9.910000, 10.33301
9.910000, 9.920000, 10.18141
9.920000, 9.930000, 10.03053
9.930000, 9.940000, 9.883158
9.940000, 9.950000, 9.736496
9.950000, 9.960000, 9.586643
9.960000, 9.970000, 9.433647
9.970000, 9.980000, 9.281395
9.980000, 9.990000, 9.135818
9.990000, 10.0, 8.990935
10.0, 10.01000, 8.846270
10.01000, 10.02000, 8.701756
10.02000, 10.03000, 8.557865
10.03000, 10.04000, 8.409375
10.04000, 10.05000, 8.261522
10.05000, 10.06000, 8.114630
10.06000, 10.07000, 7.969364
10.07000, 10.08000, 7.824683
10.08000, 10.09000, 7.673676
10.09000, 10.10000, 7.523295
10.10000, 10.11000, 7.376026
10.11000, 10.12000, 7.231812
10.12000, 10.13000, 7.088203
10.13000, 10.14000, 6.944844
10.14000, 10.15000, 6.802094
10.15000, 10.16000, 6.661960
10.16000, 10.17000, 6.524400
10.17000, 10.18000, 6.387429
10.18000, 10.19000, 6.250183
10.19000, 10.20000, 6.113548
10.20000, 10.21000, 5.976159
10.21000, 10.22000, 5.838039
10.22000, 10.23000, 5.700528
10.23000, 10.24000, 5.576426
10.24000, 10.25000, 5.452854
10.25000, 10.26000, 5.332209
10.26000, 10.27000, 5.214472
10.27000, 10.28000, 5.097268
10.28000, 10.29000, 4.974730
10.29000, 10.30000, 4.852746
10.30000, 10.31000, 4.737000
10.31000, 10.32000, 4.627458
10.32000, 10.33000, 4.518402
10.33000, 10.34000, 4.401076
10.34000, 10.35000, 4.284282
10.35000, 10.36000, 4.165083
10.36000, 10.37000, 4.043474
10.37000, 10.38000, 3.922431
10.38000, 10.39000, 3.828380
10.39000, 10.40000, 3.735570
10.40000, 10.41000, 3.641296
10.41000, 10.42000, 3.545546
10.42000, 10.43000, 3.450203
10.43000, 10.44000, 3.351016
10.44000, 10.45000, 3.252268
10.45000, 10.46000, 3.154171
10.46000, 10.47000, 3.056674
10.47000, 10.48000, 2.959550
10.48000, 10.49000, 2.871018
10.49000, 10.50000, 2.782872
10.50000, 10.51000, 2.693994
10.51000, 10.52000, 2.604404
10.52000, 10.53000, 2.515236
10.53000, 10.54000, 2.433507
10.54000, 10.55000, 2.352146
10.55000, 10.56000, 2.269678
10.56000, 10.57000, 2.186206
10.57000, 10.58000, 2.103165
10.58000, 10.59000, 2.029825
10.59000, 10.60000, 1.956811
10.60000, 10.61000, 1.885408
10.61000, 10.62000, 1.815598
10.62000, 10.63000, 1.746106
10.63000, 10.64000, 1.687208
10.64000, 10.65000, 1.628675
10.65000, 10.66000, 1.572957
10.66000, 10.67000, 1.519946
10.67000, 10.68000, 1.467168
10.68000, 10.69000, 1.421691
10.69000, 10.70000, 1.376418
10.70000, 10.71000, 1.333534
10.71000, 10.72000, 1.293028
10.72000, 10.73000, 1.252700
10.73000, 10.74000, 1.213833
10.74000, 10.75000, 1.175135
10.75000, 10.76000, 1.140952
10.76000, 10.77000, 1.111253
10.77000, 10.78000, 1.081686
10.78000, 10.79000, 1.051528
10.79000, 10.80000, 1.021502
10.80000, 10.81000, 0.9925723
10.81000, 10.82000, 0.9647321
10.82000, 10.83000, 0.9370143
10.83000, 10.84000, 0.9115387
10.84000, 10.85000, 0.8863007
10.85000, 10.86000, 0.8615682
10.86000, 10.87000, 0.8373258
10.87000, 10.88000, 0.8131868
10.88000, 10.89000, 0.7908219
10.89000, 10.90000, 0.7685533
10.90000, 10.91000, 0.7468771
10.91000, 10.92000, 0.7257646
10.92000, 10.93000, 0.7047327
10.93000, 10.94000, 0.6848949
10.94000, 10.95000, 0.6651462
10.95000, 10.96000, 0.6451889
10.96000, 10.97000, 0.6250272
10.97000, 10.98000, 0.6049552
10.98000, 10.99000, 0.5852773
10.99000, 11.0, 0.5657126
